<?xml version="1.0" encoding="UTF-8"?>
<beans xmlns="http://www.springframework.org/schema/beans"
       xmlns:xsi="http://www.w3.org/2001/XMLSchema-instance"
       xsi:schemaLocation="http://www.springframework.org/schema/beans http://www.springframework.org/schema/beans/spring-beans.xsd">

    <import resource="classpath:/spring/cxfContext.xml"/>
    <import resource="classpath:/spring/appStatusContext.xml"/>
    <import resource="classpath:/spring/braveWSContext.xml"/> <!-- Library-WSProviders -->
    <import resource="classpath:/spring/is-contactContext.xml"/> <!-- InternalService-Contact-API -->
    <import resource="classpath:/spring/is-serviceLocationContext.xml"/> <!-- InternalService-ServiceLocation-API -->
    <import resource="classpath:spring/lib-sdpClientContext.xml"/> <!-- Library-SDPClient -->
    <import resource="classpath:spring/fcd-ispContext.xml"/><!--ISP Context-->

    <!-- Service Implementation -->
    <bean id="sdpProvisioningService"
          class="com.viasat.facade.provisioning.sdp.SDPProvisioningServiceImpl">
        <property name="validationProcessor" ref="validationProcessor"/>
        <property name="transactionValidationProcessor" ref="transactionValidationProcessor"/>
        <property name="updateProcessor" ref="updateProcessor"/>
        <property name="cancellationProcessor" ref="cancellationProcessor"/>
        <property name="creationProcessor" ref="creationProcessor"/>
        <property name="fetchProcessor" ref="fetchProcessor"/>
        <property name="suspendResumeProcessor" ref="suspendResumeProcessor"/>
        <property name="transitionProcessor" ref="transitionProcessor"/>
    </bean>

    <!-- processors -->
    <bean id="validationProcessor"
          class="com.viasat.facade.provisioning.sdp.processor.ValidationProcessor"/>
    <bean id="transactionValidationProcessor"
          class="com.viasat.facade.provisioning.sdp.processor.TransactionValidationProcessor">
        <property name="businessTransactionWrapper" ref="businessTransactionWrapper"/>
        <property name="catalogWrapper" ref="catalogWrapper"/>
        <property name="sdpWrapper" ref="sdpWrapper"/>
        <property name="serviceLocationWrapper" ref="serviceLocationWrapper"/>
        <property name="fetchProcessor" ref="fetchProcessor"/>
        <property name="ispWrapper" ref="ispWrapper"/>
        <property name="contactsWrapper" ref="contactsWrapper"/>
    </bean>
    <bean id="cancellationProcessor"
          class="com.viasat.facade.provisioning.sdp.processor.CancellationProcessor">
        <property name="businessTransactionWrapper" ref="businessTransactionWrapper"/>
        <property name="catalogWrapper" ref="catalogWrapper"/>
        <property name="contactsWrapper" ref="contactsWrapper"/>
        <property name="sdpWrapper" ref="sdpWrapper"/>
        <property name="serviceLocationWrapper" ref="serviceLocationWrapper"/>
        <property name="validationProcessor" ref="validationProcessor"/>
    </bean>
    <bean id="creationProcessor"
          class="com.viasat.facade.provisioning.sdp.processor.CreationProcessor">
        <property name="validationProcessor" ref="validationProcessor"/>
        <property name="businessTransactionWrapper" ref="businessTransactionWrapper"/>
        <property name="sdpWrapper" ref="sdpWrapper"/>
        <property name="catalogWrapper" ref="catalogWrapper"/>
        <property name="contactsWrapper" ref="contactsWrapper"/>
        <property name="serviceLocationWrapper" ref="serviceLocationWrapper"/>
    </bean>
    <bean id="fetchProcessor"
          class="com.viasat.facade.provisioning.sdp.processor.FetchProcessor">
        <property name="businessTransactionWrapper" ref="businessTransactionWrapper"/>
        <property name="contactsWrapper" ref="contactsWrapper"/>
        <property name="sdpWrapper" ref="sdpWrapper"/>
        <property name="catalogWrapper" ref="catalogWrapper"/>
        <property name="serviceLocationWrapper" ref="serviceLocationWrapper"/>
        <property name="ispWrapper" ref="ispWrapper"/>
    </bean>
    <bean id="updateProcessor"
          class="com.viasat.facade.provisioning.sdp.processor.UpdateProcessor">
        <property name="businessTransactionWrapper" ref="businessTransactionWrapper"/>
        <property name="contactsWrapper" ref="contactsWrapper"/>
    </bean>
    <bean id="suspendResumeProcessor"
          class="com.viasat.facade.provisioning.sdp.processor.SuspendResumeProcessor">
        <property name="validationProcessor" ref="validationProcessor" />
        <property name="catalogWrapper" ref="catalogWrapper" />
        <property name="sdpWrapper" ref="sdpWrapper"/>
        <property name="fetchProcessor" ref="fetchProcessor"/>
        <property name="ispWrapper" ref="ispWrapper"/>
        <property name="businessTransactionWrapper" ref="businessTransactionWrapper"/>
    </bean>
    <bean id="transitionProcessor"
		  class="com.viasat.facade.provisioning.sdp.processor.TransitionProcessor">
		<property name="businessTransactionWrapper" ref="businessTransactionWrapper" />
		<property name="catalogWrapper" ref="catalogWrapper" />
		<property name="sdpWrapper" ref="sdpWrapper" />
		<property name="validationProcessor" ref="validationProcessor" />
        <property name="transactionValidationProcessor" ref="transactionValidationProcessor"/>
        <property name="contactsWrapper" ref="contactsWrapper"/>
        <property name="serviceLocationWrapper" ref="serviceLocationWrapper"/>
	</bean>

    <!-- Reference Data -->
    <bean id="refDataWrapper"
          class="com.viasat.facade.provisioning.sdp.wrapper.ReferenceDataWrapper">
        <property name="referenceDataClient" ref="refDataClient"/>
    </bean>
    <bean id="refDataClient"
          class="com.viasat.wildblue.internalwebservice.referencedata.client.ReferenceDataClient"/>

    <!-- Business Transaction -->
    <bean id="businessTransactionWrapper"
          class="com.viasat.facade.provisioning.sdp.wrapper.BusinessTransactionWrapper">
        <property name="businessTransactionClient" ref="btsClient"/>
    </bean>
    <bean id="btsClient"
          class="com.viasat.wildblue.internalwebservice.businesstransaction.client.BusinessTransactionClient"/>

    <!-- ISP Facade -->
    <bean id="ispWrapper" class="com.viasat.facade.provisioning.sdp.wrapper.ISPWrapper">
        <property name="ispServiceClient" ref="ispServiceClient"/>
    </bean>

    <!-- Catalog -->
    <bean id="catalogWrapper" class="com.viasat.facade.provisioning.sdp.wrapper.CatalogWrapper">
        <property name="catalogServiceClient" ref="catalogClient"/>
    </bean>
    <bean id="catalogClient" class="com.viasat.facade.catalog.client.CatalogServiceClient"
          factory-method="getInstance"/>

    <!-- Contacts -->
    <bean id="contactsWrapper" class="com.viasat.facade.provisioning.sdp.wrapper.ContactsWrapper">
        <property name="contactService" ref="contactClient"/>
    </bean>

    <!-- ServiceLocation -->
    <bean id="serviceLocationWrapper"
          class="com.viasat.facade.provisioning.sdp.wrapper.ServiceLocationWrapper">
        <property name="serviceLocationClient" ref="serviceLocationServiceClient"/>
    </bean>

    <!-- SDP API -->
    <bean id="sdpWrapper" class="com.viasat.facade.provisioning.sdp.wrapper.SDPWrapper">
        <property name="sdpClient" ref="sdpClient"/>
    </bean>
    <bean id="sdpClient" class="com.viasat.sdp.client.SDPClientImpl" destroy-method="shutdown">
        <property name="requiredConfig" ref="sdpConfig"/>
        <property name="authHandler" ref="sdpAuth"/>
        <property name="asyncReceiver" ref="sdpReceiver"/>
        <property name="asyncSender" ref="sdpSender"/>
        <property name="providers"
                  ref="sdpClientProviders"/> <!-- from lib-sdpClientContext.xml -->
    </bean>
    <bean id="sdpConfig" class="com.viasat.sdp.client.config.DefaultRequiredConfiguration">
        <property name="appId" value="FPv1"/>
    </bean>
    <bean id="sdpAuth" class="com.viasat.sdp.client.auth.IdentityProviderHandler">
        <property name="requiredConfig" ref="sdpConfig"/>
    </bean>
    <bean id="sdpReceiver" class="com.viasat.sdp.client.messaging.future.FutureReceiver"/>
    <bean id="sdpSender" class="com.viasat.sdp.client.messaging.future.FutureSender"/>
    <bean id="futureMonitor" class="com.viasat.sdp.client.messaging.future.FutureMonitor"
          destroy-method="shutdown"/>

</beans>