<?xml version="1.0" encoding="UTF-8"?>
<beans xmlns="http://www.springframework.org/schema/beans"
	xmlns:xsi="http://www.w3.org/2001/XMLSchema-instance"
	xsi:schemaLocation="http://www.springframework.org/schema/beans http://www.springframework.org/schema/beans/spring-beans.xsd">
	<import resource="classpath:/spring/is-contactContext.xml" />
	<import resource="classpath:/spring/is-serviceLocationContext.xml" />
	<!-- Application Health Checks -->
	<bean id="applicationHealthCheck"
		class="com.viasat.common.applicationstatus.DefaultApplicationHealthCheckProcessor">
		<!-- Register health checks here -->
		<property name="checks">
			<list>
				<bean id="configSvcHealthCheck"
					class="com.viasat.common.applicationstatus.healthcheck.GenericConfigServiceCheck" />
				<ref bean="refDataClient" />
				<ref bean="btsClient" />
				<ref bean="serviceLocationServiceClient" />
				<ref bean="contactClient" />
				<ref bean="catalogClient" />
				<ref bean="ispServiceClient"/>
				<ref bean="sdpClient" />
			</list>
		</property>
	</bean>
	<!-- Version Info Processor -->
	<bean id="applicationInfo"
		class="com.viasat.common.applicationstatus.DefaultApplicationInfoProcessor">
		<property name="versionProperties">
			<bean id="versionProperties" class="com.viasat.common.applicationstatus.VersionProperties">
				<!-- Optionally override default name for the version.properties file -->
				<!-- <constructor-arg name="propertiesResourceName" value="version" /> -->
			</bean>
		</property>
	</bean>
	<!-- Environment Detail Processor -->
	<bean id="environmentDetail"
		class="com.viasat.common.applicationstatus.DefaultEnvironmentDetailProcessor" />
	<!-- Last Response Interceptor -->
	<bean id="lastResponseTime"
		class="com.viasat.common.applicationstatus.interceptor.LastResponseTime" />
	<!-- Servlet Setup -->
	<bean id="ApplicationStatusServlet"
		class="com.viasat.common.applicationstatus.servlet.ApplicationStatusServlet">
		<property name="appInfoProcessor" ref="applicationInfo" />
		<property name="appHealthCheckProcessor" ref="applicationHealthCheck" />
		<property name="envDetailProcessor" ref="environmentDetail" />
	</bean>
	<!-- Logger Control Servlet setup -->
	<bean id="LoggerServlet"
		class="com.viasat.common.applicationstatus.servlet.LoggerControlServlet" />
</beans>