<?xml version="1.0" encoding="UTF-8"?>
<beans xmlns="http://www.springframework.org/schema/beans"
	   xmlns:xsi="http://www.w3.org/2001/XMLSchema-instance"
	   xmlns:jaxws="http://cxf.apache.org/jaxws"
	   xmlns:cxf="http://cxf.apache.org/core"
	   xsi:schemaLocation="http://cxf.apache.org/core http://cxf.apache.org/schemas/core.xsd
            http://cxf.apache.org/jaxws http://cxf.apache.org/schemas/jaxws.xsd
            http://www.springframework.org/schema/beans http://www.springframework.org/schema/beans/spring-beans.xsd">

	<import resource="classpath:META-INF/cxf/cxf.xml" />

	<jaxws:endpoint id="sdpProvisioningFacadeEndpoint"
					implementorClass="com.viasat.facade.provisioning.sdp.SDPProvisioningServiceImpl"
					implementor="#sdpProvisioningService" address="/ProvisioningFacadeSDP">
		<jaxws:features>
			<bean class="org.apache.cxf.management.interceptor.ResponseTimeFeature" />
		</jaxws:features>
		<jaxws:outInterceptors>
			<ref bean="lastResponseTime" />
		</jaxws:outInterceptors>
		<jaxws:outFaultInterceptors>
			<ref bean="lastResponseTime" />
		</jaxws:outFaultInterceptors>
	</jaxws:endpoint>

	<bean id="logInbound" class="com.viasat.common.intercept.cxf.XslLoggingInInterceptor" />
	<bean id="logOutbound" class="com.viasat.common.intercept.cxf.XslLoggingOutInterceptor" />

	<!-- Wiring the counter repository -->
	<bean id="CounterRepository" class="org.apache.cxf.management.counters.CounterRepository">
		<property name="bus" ref="cxf" />
	</bean>

	<cxf:bus>
		<cxf:properties>
			<entry key="bus.jmx.enabled" value="true" />
			<entry key="bus.jmx.persistentBusId" value="FCD-ProvisioningSDP-v1" />
			<entry key="bus.jmx.usePlatformMBeanServer" value="true" />
			<entry key="bus.jmx.createMBServerConnectorFactory" value="false" />
		</cxf:properties>
		<cxf:inInterceptors>
			<ref bean="logInbound" />
			<ref bean="headersInbound" />
			<ref bean="braveServerInInterceptor" />
		</cxf:inInterceptors>
		<cxf:outInterceptors>
			<ref bean="logOutbound" />
			<ref bean="headersOutbound" />
			<ref bean="braveServerOutInterceptor" />
		</cxf:outInterceptors>
		<cxf:outFaultInterceptors>
			<ref bean="logOutbound" />
		</cxf:outFaultInterceptors>
	</cxf:bus>
</beans>