<!DOCTYPE log4j:configuration SYSTEM "log4j.dtd">
<log4j:configuration xmlns:log4j="http://jakarta.apache.org/log4j/">

	<appender name="Console" class="org.apache.log4j.ConsoleAppender">
		<param name="Threshold" value="OFF" />
		<layout class="org.apache.log4j.PatternLayout">
			<param name="ConversionPattern"
				   value="=== %d{ISO8601} %-5p Thread: %-10t - %l - %m%n" />
		</layout>
	</appender>

	<appender name="FLPv1File" class="org.apache.log4j.DailyRollingFileAppender">
		<param name="Threshold" value="DEBUG" />
		<param name="File" value="${catalina.base}/logs/facade-provisioning-sdp-v1.log" />
		<param name="DatePattern" value=".yyyy-MM-dd" />
		<layout class="org.apache.log4j.PatternLayout">
			<param name="ConversionPattern"
				   value="=== %d{ISO8601} %-5p Thread: %-10t - %l - %m%n" />
		</layout>
	</appender>

	<logger name="com.viasat" additivity="false">
		<level value="DEBUG" />
		<appender-ref ref="Console" />
		<appender-ref ref="FLPv1File" />
	</logger>
	<logger name="com.viasat.sdp.client" additivity="false">
		<level value="INFO" />
		<appender-ref ref="Console" />
		<appender-ref ref="FLPv1File" />
	</logger>
	<logger name="org.apache.cxf" additivity="false">
		<level value="INFO" />
		<appender-ref ref="Console" />
		<appender-ref ref="FLPv1File" />
	</logger>

	<root>
		<level value="ERROR" />
		<appender-ref ref="Console" />
		<appender-ref ref="FLPv1File" />
	</root>

</log4j:configuration>
